        login         |  first_name   |   last_name    
----------------------+---------------+----------------
 cesar.ramirez        | Cesar         | Ramirez
 jason.debiasse       | Jason         | Debiasse
 fremantle            | Fremantle     | Company
 anthony.germain      | Anthony       | Germain
 candace.johnston     | Candace       | Johnston
 nick.contino         | Nick          | Contino
 LUIS.BARAJAS         | LUIS          | BARAJAS
 darin.harris         | Darin         | Harris
 vincent.garcia       | Vincent       | Garcia
 jodynne.wood         | Jodynne       | Wood
 willie.medina        | Willie        | Medina
 jon.mouton           | Jon           | Mouton
 kelly.joseph         | Kelly         | Joseph
 anthony.jackson      | Anthony       | Jackson
 kristi.alires        | Kristi        | Alires
 myesha.andrews       | Myesha        | Andrews
 matthew.kelson       | Matthew       | Kelson
 joe.arancio          | Joe           | Arancio
 apache               | Apache        | Ehcapa
 marcl                | Marcl         | 
 martin.vann          | Martin        | Vann
 matt.misenhimer      | Matt          | Misenhimer
 chantal.beukman      | Chantal       | Beukman
 monica.cavalho       | Monica        | Cavalho
 justin.kelley        | Justin        | Kelley
 chris.spofford       | Chris         | Spofford
 elliot.lear          | Elliot        | Lear
 david.hayes          | David         | Hayes
 josue.perez          | Josue         | Perez
 luis.conde           | Luis          | Conde
 michelle.holcombe    | Michelle      | Holcombe
 chris.thompson       | Chris         | Thompson
 david                | David         | 
 david.featherstone   | David         | Featherstone
 elizabeth.holmes     | Elizabeth     | Holmes
 emma.klein           | Emma          | Klein
 gabrielle.gonka      | Gabrielle     | Gonka
 chris.fagot          | Chris         | Fagot
 jaime.torres         | Jaime         | Torres
 jaime.schuman        | Jaime         | Schuman
 rachel.solis         | Rachel        | Solis
 eric.leung           | Eric          | Leung
 kyle.villella        | Kyle          | Villella
 stephanie.raleigh    | Stephanie     | Raleigh
 rick.ramirez         | Rick          | Ramirez
 carlos.reveles       | Carlos        | Reveles
 anne.reynolds        | Anne          | Reynolds
 sara.rodriquez       | Sara          | Rodriquez
 elizabeth.rojas      | Elizabeth     | Rojas
 julia.currin         | Julia         | Currin
 luis.barajas         | Luis          | Barajas
 elena.abbott         | Elena         | Abbott
 mike.lengyel         | Mike          | Lengyel
 james.coffey         | James         | Coffey
 mike.greenberg       | Mike          | Greenberg
 celia.pacheco        | Celia         | Pacheco
 larry.barnes         | Larry         | Barnes
 jon.bily             | Jon           | Bily
 mike.arrieta         | Mike          | Arrieta
 tyler.atkinson       | Tyler         | Atkinson
 janet.ayres          | Janet         | Ayres
 james.laplante       | James         | LaPlante
 testuser1            |               | 
 francis.badzey       | Francis       | Badzey
 nathan.baesel        | Nathan        | Baesel
 lisa.bagley          | Lisa          | Bagley
 pam.baldwin          | Pam           | Baldwin
 kristine.bamattre    | Kristine      | Bamattre
 jd.beaufils          | JD            | Beaufils
 lindsay.beiriger     | Lindsay       | Beiriger
 ryan.benson          | Ryan          | Benson
 sharon.beringer      | Sharon        | Beringer
 tammy.blake          | Tammy         | Blake
 jason.bowdach        | Jason         | Bowdach
 gene.brink           | Gene          | Brink
 kent.bruce           | Kent          | Bruce
 ian.olsen            | Ian           | Olsen
 louis.ceda           | Louis         | Ceda
 shirley.chen         | Shirley       | Chen
 richard.christie     | Richard       | Christie
 david.rodriguez      | David         | Rodriguez
 rebecca.gallivan     | Rebecca       | Gallivan
 wile.coyote          | Wile E.       | Coyote
 maxwell.dipaolo      | Maxwell       | DiPaolo
 ken.blaustein        | Ken           | Blaustein
 jim.norris           | Jim           | Norris
 barbara.clark        | Barbara       | Clark
 lisa.griffin         | Lisa          | Griffin
 michelle.furnace     | Michelle      | Furnace
 claudia.cummings     | Claudia       | Cummings
 craig.cleaver        | Craig         | Cleaver
 danielle.cohen       | Danielle      | Cohen
 david.corpuz         | David         | Corpuz
 trent.cruz           | Trent         | Cruz
 john.cummings        | John          | Cummings
 micah.cyrus          | Micah         | Cyrus
 william.dannevik     | William       | Dannevik
 aja.davis            | Aja           | Davis
 edgar.davis          | Edgar         | Davis
 michelle.davis       | Michelle      | Davis
 frederic.demey       | Frederic      | Demey
 summit.demo          | Summit        | Demo
 pam.dery             | Pam           | Dery
 krishna.devine       | Krishna       | Devine
 annie.dimascio       | Annie         | Dimascio
 geoff.domenghini     | Geoff         | Domenghini
 datg.domestic.sales  | Datg          | Domestic Sales
 max.duckler          | Max           | Duckler
 mike.duffy           | Mike          | Duffy
 jerome.duplush       | Jerome        | Duplush
 steven.eisenman      | Steven        | Eisenman
 bob.miller           | Bob           | Miller
 rob.english          | Rob           | English
 melissa.ennis        | Melissa       | Ennis
 molly.erdman         | Molly         | Erdman
 bertha.espinoza      | Bertha        | Espinoza
 stacey.ferguson      | Stacey        | Ferguson
 joyce.ferrell        | Joyce         | Ferrell
 sophia.fields        | Sophia        | Fields
 lynn.finley          | Lynn          | Finley
 lizelle.fintland     | Lizelle       | Fintland
 benjamin.flores      | Benjamin      | Flores
 andy.foerster        | Andy          | Foerster
 mel.fong             | Mel           | Fong
 rebecca.fox          | Rebecca       | Fox
 jo.dee.freck         | Jo Dee        | Freck
 gerald.freda         | Gerald        | Freda
 anthony.frenden      | Anthony       | Frenden
 liz.fritz            | Liz           | Fritz
 kevin.gaffney        | Kevin         | Gaffney
 sue.galanoy          | Sue           | Galanoy
 keith.gallo          | Keith         | Gallo
 micah.gallo          | Micah         | Gallo
 jacqueline.ganison   | Jacqueline    | Ganison
 hector.garcia        | Hector        | Garcia
 cristina.garza       | Cristina      | Garza
 yves.gaume           | Yves          | Gaume
 matt.goldstein       | Matt          | Goldstein
 sheila.goodman       | Sheila        | Goodman
 clif.gordon          | Clif          | Gordon
 noah.grossman        | Noah          | Grossman
 nuria.guardado       | Nuria         | Guardado
 natalia.halatyn      | Natalia       | Halatyn
 stephanie.hammergren | Stephanie     | Hammergren
 yuko.handler         | Yuko          | Handler
 maridelle.hannah     | Maridelle     | Hannah
 leslie.hathaway      | Leslie        | Hathaway
 tyler.hawes          | Tyler         | Hawes
 kenneth.heger        | Kenneth       | Heger
 george.hernandez     | George        | Hernandez
 cindy.heyen          | Cindy         | Heyen
 tom.hinckley         | Tom           | Hinckley
 tom.hoffman          | Tom           | Hoffman
 luvenia.holland      | Luvenia       | Holland
 grace.hong           | Grace         | Hong
 donna.horn           | Donna         | Horn
 mark.horton          | Mark          | Horton
 marcus.hu            | Marcus        | Hu
 delisa.hudson        | Delisa        | Hudson
 rick.ianniciello     | Rick          | Ianniciello
 datg.international   | Datg          | International
 randa.jamil          | Randa         | Jamil
 jeff.ollenburger     | Jeff          | Ollenburger
 carlos.jentimane     | Carlos        | Jentimane
 colin.jessup         | Colin         | Jessup
 john.sheehe          | John          | Sheehe
 anthony.simon        | Anthony       | Simon
 taylor.sitton        | Taylor        | Sitton
 kevin.smith          | Kevin         | Smith
 kathy.smith          | Kathy         | Smith
 winston.smith        | Winston       | Smith
 ryan.sosa            | Ryan          | Sosa
 bonnie.stern         | Bonnie        | Stern
 marc.sternberg       | Marc          | Sternberg
 danielle.stone       | Danielle      | Stone
 michael.stradford    | Michael       | Stradford
 jennifer.surabian    | Jennifer      | Surabian
 david.taylor         | David         | Taylor
 christina.thiele     | Christina     | Thiele
 sean.thorburn        | Sean          | Thorburn
 roy.tjioe            | Roy           | Tjioe
 tony.koch            | Tony          | Koch
 jessi.todden         | Jessi         | Todden
 michael.trainotti    | Michael       | Trainotti
 john.tunnell         | John          | Tunnell
 jeannine.turano      | Jeannine      | Turano
 kerrysue.underwood   | KerrySue      | Underwood
 kelly.vanvalkenburg  | Kelly         | VanValkenburg
 tammy.wange          | Tammy         | Wange
 sara.wannarka        | Sara          | Wannarka
 derk.cullinan        | Derk          | Cullinan
 matt.johnson         | Matt          | Johnson
 jon.barbour          | Jon           | Barbour
 lawrence.kao         | Lawrence      | Kao
 manu.kaushish        | Manu          | Kaushish
 fassika.kebede       | Fassika       | Kebede
 virginia.kenworthy   | Virginia      | Kenworthy
 dennis.king          | Dennis        | King
 daley.kirby          | Daley         | Kirby
 carol.knorr          | Carol         | Knorr
 erick.kovars         | Erick         | Kovars
 hillary.kozel        | Hillary       | Kozel
 jennie.landin        | Jennie        | Landin
 timothy.lane         | Timothy       | Lane
 deborah.lantieri     | Deborah       | Lantieri
 traci.larsen         | Traci         | Larsen
 stefanie.larson      | Stefanie      | Larson
 john.lasker          | John          | Lasker
 chris.leininger      | Chris         | Leininger
 antonio.lopez        | Antonio       | Lopez
 patricia.lopez       | Patricia      | Lopez
 david.lundy          | David         | Lundy
 hopi.marcum          | Hopi          | Marcum
 pamela.martinez      | Pamela        | Martinez 
 charlie.matthau      | Charlie       | Matthau
 mike.williams        | Mike          | Williams
 carrie.spalding      | Carrie        | Spalding
 jaclyn.mazawey       | Jaclyn        | Mazawey
 mark.mccoy           | Mark          | McCoy
 aaron.mellman        | Aaron         | Mellman
 jaime.melara         | Jaime         | Melara
 melinda.meyer        | Melinda       | Meyer
 casey.miller         | Casey         | Miller
 ross.milstein        | Ross          | Milstein
 kenji.miwa           | Kenji         | Miwa
 alma.morfin          | Alma          | Morfin
 sheila.morris        | Sheila        | Morris
 eddie.mou            | Eddie         | Mou
 laura.munoz          | Laura         | Munoz
 darcy.murphy         | Darcy         | Murphy
 todd.myers           | Todd          | Myers
 lois.nemcovsky       | Lois          | Nemcovsky
 karen.nichols        | Karen         | Nichols
 jamie.oliver         | Jamie         | Oliver
 rico.ortiz           | Rico          | Ortiz
 emily.paiz           | Emily         | Paiz
 bill.patterson       | Bill          | Patterson
 martin.pazos         | Martin        | Pazos
 carl.pedregal        | Carl          | Pedregal
 jason.pfardrescher   | Jason         | Pfardrescher
 greg.phillips        | Greg          | Phillips
 adam.princenthal     | Adam          | Princenthal
 jessica.pringle      | Jessica       | Pringle
 linda.ptolemy        | Linda         | Ptolemy
 scott.purdy          | Scott         | Purdy
 gregory.rossiter     | Gregory       | Rossiter
 greg.rubidge         | Greg          | Rubidge
 troy.sanchez         | Troy          | Sanchez
 alexia.sartin        | Alexia        | Sartin
 gabriel.sauerhoff    | Gabriel       | Sauerhoff
 peter.schade         | Peter         | Schade
 corey.scherbing      | Corey         | Scherbing
 stacy.schipritt      | Stacy         | Schipritt
 richard.schultz      | Richard       | Schultz
 william.sevilla      | William       | Sevilla
 devrha.warren        | Devrha        | Warren
 april.watson         | April         | Watson
 justin.watt          | Justin        | Watt
 matthew.webb         | Matthew       | Webb
 svea.wentzler        | Svea          | Wentzler
 sandra.wiencek       | Sandra        | Wiencek
 john.wilbur          | John          | Wilbur
 frank.williams       | Frank         | Williams
 ashley.woodall       | Ashley        | Woodall
 ariana.young         | Ariana        | Young
 nicholas.ciske       | Nicholas      | Ciske
 kristi.fojtik        | Kristi        | Fojtik
 christian.martucci   | Christian     | Martucci
 jeffrey.hebner       | Jeffrey       | Hebner
 jeffrey.provan       | Jeffrey       | Provan
 jonathan.vu          | Jonathan      | Vu
 justin.chastain      | Justin        | Chastain
 chuck.fillietaz      | Chuck         | Fillietaz
 adriel.medrano       | Adriel        | Medrano
 brett.savelli        | Brett         | Savelli
 celeste.noreen       | Celeste       | Noreen
 kim.wall             | Kim           | Wall
 kenny.ochoa          | Kenny         | Ochoa
 laura.szot           | Laura         | Szot
 lisa.mcguire         | Lisa          | McGuire
 troy.huizar          | Troy          | Huizar
 shauntel.paaluhi     | Shauntel      | Paaluhi
 tester               | Test          | Test
 todd.crawford        | Todd          | Crawford
 vanessa.gonzalez     | Vanessa       | Gonzalez
 vikki.orlando        | Vikki         | Orlando
 philip.rowe          | Philip        | Rowe
 sarah.louth          | Sarah         | Louth
 nicholas.fitzgerald  | Nicholas      | Fitzgerald
 nick.baclagan        | Nick          | Baclagan
 timothy.earle        | Timothy       | Earle
 alain.fleury         | Alain         | Fleury
 stephen.buchsbaum    | Stephen       | Buchsbaum
 nick.meraz           | Nick          | Meraz
 seth.mirimanian      | Seth          | Mirimanian
 rich.turke           | Rich          | Turke
 scott.bagley         | Scott         | Bagley
 andy.hopkins         | Andy          | Hopkins
 carl.brevil          | Carl          | Brevil
 natalie.ramirez      | Natalie       | Ramirez
 solomon.park         | Solomon       | Park
 isaac.mizrahi        | Isaac         | Mizrahi
 nadja.pineiro        | Nadja         | Pineiro
 shea.sinclair        | Shea          | Sinclair
 james.ho             | James         | Ho
 rachel.schwartz      | Rachel        | Schwartz
 maura.grady          | Maura         | Grady
 dolly.rosell         | Dolly         | Rosell
 eric.leong           | Eric          | Leong
 fernando.vazquez     | Fernando      | Vazquez
 gary.shermer         | Gary          | Shermer
 johanna.morales      | Johanna       | Morales
 tiago.jacinto        | Tiago         | Jacinto
 gena                 | Gena          | 
 luis                 | Luis          | 
 brian                | Brian         | Holter
 david.binkley        | David         | Binkley
 josh.matthies        | Josh          | Matthies
 ian.ramsey           | Ian           | Ramsey
 evan.carp            | Evan          | Carp
 alberto.beltran      | Alberto       | Beltran
 christina.bay        | Christina     | Bay
 collin.mcdowell      | Collin        | McDowell
 cynthia.trejo        | Cynthia       | Trejo
 tacticdemo           | Tactic        | Demo
 elliot.gomez         | Elliot        | Gomez
 magela.sevilla       | Magela        | Sevilla
 michelle.gonzalves   | Michelle      | Gonzalves
 keiko.shriver        | Keiko         | Shriver
 monica.carvalho      | Monica        | Carvalho
 tawney.dalton        | Tawney        | Dalton
 justin.hawkins       | Justin        | Hawkins
 richard.gonzales     | Richard       | Gonzales
 joy.erickson         | Joy           | Erickson
 jorge.ozuna          | Jorge         | Ozuna
 Kim.Wall             | Kim           | Wall
 michael.doqui        | Michael       | Doqui
 perla.rivera         | Perla         | Rivera
 jennifer.olvey       | Jennifer      | Olvey
 jill.kuzma           | Jill          | Kuzma
 johanna.mcgregor     | Johanna       | McGregor
 leanna.marsh         | Leanna        | Marsh
 marisol              | Marisol       | 
 administrator        | Administrator | 
 rita.carreon         | Rita          | Carreon
 vilma.rubio          | Vilma         | Rubio
 daniel               | Daniel        | 
 forest.robin         | Forest        | Robin
 hannah.cook          | Hannah        | Cook
 jeanette.jones       | Jeanette      | Jones
 eynar.lopez          | Eynar         | Lopez
 rebecca.salvador     | Rebecca       | Salvador
 christopher.miller   | Christopher   | Miller
 don.savage           | Don           | Savage
 stan.kirdey          | Stan          | Kirdey
 chelsea.spirito      | Chelsea       | Spirito
 leonela.perez        | Leonela       | Perez
 lorenzo.riley        | Lorenzo       | Riley
 cosette.schanilec    | Cosette       | Schanilec
 jordan.jacobs        | Jordan        | Jacobs
 adriana.amador       | Adriana       | Amador
 julio.nunez          | Julio         | Nunez
 brian.gonzalez       | Brian         | Gonzalez
 admin                | Admin         | Man
(364 rows)

